{"mode": "train", "epoch": 1, "iter": 10, "lr": 0.001, "memory": 4080, "data_time": 0.24479, "loss_rpn_cls": 0.13384, "loss_rpn_bbox": 0.02778, "loss_cls": 0.41132, "acc": 90.71289, "loss_bbox": 0.08079, "loss": 0.65373, "grad_norm": 5.73671, "time": 0.65259}
{"mode": "train", "epoch": 1, "iter": 20, "lr": 0.001, "memory": 4179, "data_time": 0.04304, "loss_rpn_cls": 0.03911, "loss_rpn_bbox": 0.04071, "loss_cls": 0.16125, "acc": 94.44336, "loss_bbox": 0.10733, "loss": 0.34841, "grad_norm": 3.40696, "time": 0.37018}
{"mode": "train", "epoch": 1, "iter": 30, "lr": 0.001, "memory": 4179, "data_time": 0.04241, "loss_rpn_cls": 0.0186, "loss_rpn_bbox": 0.02361, "loss_cls": 0.15297, "acc": 93.16406, "loss_bbox": 0.12999, "loss": 0.32518, "grad_norm": 2.95305, "time": 0.39245}
{"mode": "train", "epoch": 1, "iter": 40, "lr": 0.001, "memory": 4179, "data_time": 0.04543, "loss_rpn_cls": 0.003, "loss_rpn_bbox": 0.01506, "loss_cls": 0.13825, "acc": 93.23242, "loss_bbox": 0.09998, "loss": 0.25629, "grad_norm": 2.23369, "time": 0.37922}
{"mode": "train", "epoch": 1, "iter": 50, "lr": 0.001, "memory": 4179, "data_time": 0.04399, "loss_rpn_cls": 0.00643, "loss_rpn_bbox": 0.02331, "loss_cls": 0.14087, "acc": 92.96875, "loss_bbox": 0.10309, "loss": 0.2737, "grad_norm": 2.27519, "time": 0.37651}
{"mode": "train", "epoch": 2, "iter": 10, "lr": 0.001, "memory": 4179, "data_time": 0.23689, "loss_rpn_cls": 0.00273, "loss_rpn_bbox": 0.0224, "loss_cls": 0.1497, "acc": 91.67969, "loss_bbox": 0.11159, "loss": 0.28642, "grad_norm": 1.98511, "time": 0.56957}
{"mode": "train", "epoch": 2, "iter": 20, "lr": 0.001, "memory": 4179, "data_time": 0.03693, "loss_rpn_cls": 0.00234, "loss_rpn_bbox": 0.00702, "loss_cls": 0.11141, "acc": 94.96094, "loss_bbox": 0.06045, "loss": 0.18121, "grad_norm": 1.3782, "time": 0.3658}
{"mode": "train", "epoch": 2, "iter": 30, "lr": 0.001, "memory": 4179, "data_time": 0.04054, "loss_rpn_cls": 0.00603, "loss_rpn_bbox": 0.00919, "loss_cls": 0.11542, "acc": 94.4043, "loss_bbox": 0.09757, "loss": 0.22822, "grad_norm": 1.86019, "time": 0.38327}
{"mode": "train", "epoch": 2, "iter": 40, "lr": 0.001, "memory": 4179, "data_time": 0.04064, "loss_rpn_cls": 0.00251, "loss_rpn_bbox": 0.01164, "loss_cls": 0.13366, "acc": 93.57422, "loss_bbox": 0.1157, "loss": 0.2635, "grad_norm": 2.13703, "time": 0.40028}
{"mode": "train", "epoch": 2, "iter": 50, "lr": 0.001, "memory": 4179, "data_time": 0.03721, "loss_rpn_cls": 0.00401, "loss_rpn_bbox": 0.0377, "loss_cls": 0.17016, "acc": 91.80664, "loss_bbox": 0.1773, "loss": 0.38917, "grad_norm": 2.5864, "time": 0.38348}
{"mode": "train", "epoch": 3, "iter": 10, "lr": 0.001, "memory": 4179, "data_time": 0.23573, "loss_rpn_cls": 0.00126, "loss_rpn_bbox": 0.01336, "loss_cls": 0.11946, "acc": 95.5957, "loss_bbox": 0.10974, "loss": 0.24382, "grad_norm": 1.91183, "time": 0.56596}
{"mode": "train", "epoch": 3, "iter": 20, "lr": 0.001, "memory": 4179, "data_time": 0.03694, "loss_rpn_cls": 0.00127, "loss_rpn_bbox": 0.00969, "loss_cls": 0.09994, "acc": 96.83594, "loss_bbox": 0.07663, "loss": 0.18754, "grad_norm": 1.67016, "time": 0.37685}
{"mode": "train", "epoch": 3, "iter": 30, "lr": 0.001, "memory": 4179, "data_time": 0.03934, "loss_rpn_cls": 0.00125, "loss_rpn_bbox": 0.01407, "loss_cls": 0.11194, "acc": 96.45508, "loss_bbox": 0.10259, "loss": 0.22985, "grad_norm": 1.73566, "time": 0.38792}
{"mode": "train", "epoch": 3, "iter": 40, "lr": 0.001, "memory": 4179, "data_time": 0.03991, "loss_rpn_cls": 0.00202, "loss_rpn_bbox": 0.02891, "loss_cls": 0.11888, "acc": 95.58594, "loss_bbox": 0.13634, "loss": 0.28614, "grad_norm": 2.06472, "time": 0.40093}
{"mode": "train", "epoch": 3, "iter": 50, "lr": 0.001, "memory": 4179, "data_time": 0.04019, "loss_rpn_cls": 0.00311, "loss_rpn_bbox": 0.02127, "loss_cls": 0.1189, "acc": 96.03516, "loss_bbox": 0.13076, "loss": 0.27405, "grad_norm": 2.15674, "time": 0.41381}
{"mode": "val", "epoch": 3, "iter": 84, "lr": 0.001, "mAP": 0.8869}
{"mode": "train", "epoch": 1, "iter": 10, "lr": 0.001, "memory": 3218, "data_time": 0.33275, "loss_rpn_cls": 0.15628, "loss_rpn_bbox": 0.15494, "loss_cls": 1.97234, "acc": 64.92188, "loss_bbox": 0.24, "loss": 2.52357, "grad_norm": 9.88427, "time": 0.72316}
{"mode": "train", "epoch": 1, "iter": 20, "lr": 0.001, "memory": 3218, "data_time": 0.12543, "loss_rpn_cls": 0.01703, "loss_rpn_bbox": 0.11734, "loss_cls": 0.927, "acc": 75.88867, "loss_bbox": 0.17859, "loss": 1.23996, "grad_norm": 4.44306, "time": 0.47512}
{"mode": "train", "epoch": 1, "iter": 30, "lr": 0.001, "memory": 3218, "data_time": 0.12746, "loss_rpn_cls": 0.00897, "loss_rpn_bbox": 0.10559, "loss_cls": 0.87295, "acc": 75.04883, "loss_bbox": 0.1734, "loss": 1.16091, "grad_norm": 2.78783, "time": 0.46599}
{"mode": "train", "epoch": 1, "iter": 40, "lr": 0.001, "memory": 3218, "data_time": 0.13086, "loss_rpn_cls": 0.00712, "loss_rpn_bbox": 0.11661, "loss_cls": 0.82086, "acc": 76.51367, "loss_bbox": 0.13047, "loss": 1.07507, "grad_norm": 2.58139, "time": 0.47159}
{"mode": "train", "epoch": 1, "iter": 50, "lr": 0.001, "memory": 3218, "data_time": 0.12963, "loss_rpn_cls": 0.02083, "loss_rpn_bbox": 0.12309, "loss_cls": 0.79317, "acc": 79.0918, "loss_bbox": 0.14068, "loss": 1.07777, "grad_norm": 2.87997, "time": 0.46492}
{"mode": "train", "epoch": 1, "iter": 60, "lr": 0.001, "memory": 3218, "data_time": 0.12887, "loss_rpn_cls": 0.01269, "loss_rpn_bbox": 0.10136, "loss_cls": 0.75254, "acc": 80.45898, "loss_bbox": 0.11501, "loss": 0.9816, "grad_norm": 2.35175, "time": 0.46906}
{"mode": "train", "epoch": 1, "iter": 70, "lr": 0.001, "memory": 3218, "data_time": 0.12733, "loss_rpn_cls": 0.00893, "loss_rpn_bbox": 0.08771, "loss_cls": 0.7154, "acc": 81.10352, "loss_bbox": 0.11368, "loss": 0.92573, "grad_norm": 2.29535, "time": 0.46849}
{"mode": "train", "epoch": 1, "iter": 80, "lr": 0.001, "memory": 3218, "data_time": 0.12541, "loss_rpn_cls": 0.00421, "loss_rpn_bbox": 0.07796, "loss_cls": 0.66277, "acc": 81.875, "loss_bbox": 0.09065, "loss": 0.83559, "grad_norm": 1.87623, "time": 0.46217}
{"mode": "train", "epoch": 1, "iter": 90, "lr": 0.001, "memory": 3218, "data_time": 0.12734, "loss_rpn_cls": 0.00487, "loss_rpn_bbox": 0.08472, "loss_cls": 0.60373, "acc": 83.7207, "loss_bbox": 0.07835, "loss": 0.77166, "grad_norm": 1.84566, "time": 0.4728}
{"mode": "train", "epoch": 1, "iter": 100, "lr": 0.001, "memory": 3218, "data_time": 0.12615, "loss_rpn_cls": 0.00643, "loss_rpn_bbox": 0.09112, "loss_cls": 0.65817, "acc": 81.50391, "loss_bbox": 0.09372, "loss": 0.84944, "grad_norm": 2.20781, "time": 0.46579}
{"mode": "train", "epoch": 1, "iter": 110, "lr": 0.001, "memory": 3218, "data_time": 0.12765, "loss_rpn_cls": 0.00122, "loss_rpn_bbox": 0.10001, "loss_cls": 0.60982, "acc": 82.7832, "loss_bbox": 0.07713, "loss": 0.78818, "grad_norm": 2.10541, "time": 0.46584}
{"mode": "train", "epoch": 1, "iter": 120, "lr": 0.001, "memory": 3218, "data_time": 0.12457, "loss_rpn_cls": 0.00224, "loss_rpn_bbox": 0.08898, "loss_cls": 0.58006, "acc": 83.38867, "loss_bbox": 0.09466, "loss": 0.76595, "grad_norm": 2.00091, "time": 0.45904}
{"mode": "train", "epoch": 1, "iter": 130, "lr": 0.001, "memory": 3218, "data_time": 0.1309, "loss_rpn_cls": 0.00463, "loss_rpn_bbox": 0.09773, "loss_cls": 0.57796, "acc": 83.56445, "loss_bbox": 0.09479, "loss": 0.7751, "grad_norm": 2.11017, "time": 0.47618}
{"mode": "train", "epoch": 2, "iter": 10, "lr": 0.001, "memory": 3218, "data_time": 0.32423, "loss_rpn_cls": 0.0019, "loss_rpn_bbox": 0.08484, "loss_cls": 0.52406, "acc": 85.68359, "loss_bbox": 0.08059, "loss": 0.69139, "grad_norm": 1.90379, "time": 0.66653}
{"mode": "train", "epoch": 2, "iter": 20, "lr": 0.001, "memory": 3218, "data_time": 0.12326, "loss_rpn_cls": 0.00101, "loss_rpn_bbox": 0.10203, "loss_cls": 0.52363, "acc": 85.87891, "loss_bbox": 0.06957, "loss": 0.69623, "grad_norm": 1.85197, "time": 0.46005}
{"mode": "train", "epoch": 2, "iter": 30, "lr": 0.001, "memory": 3218, "data_time": 0.12228, "loss_rpn_cls": 0.00232, "loss_rpn_bbox": 0.08464,